SAO KE TAI KHOAN — DU LIEU GIA LAP, KHONG PHAI SAO KE THAT
So tai khoan: 0381000123456
Ngày giao dịch;Số tiền ghi nợ;Số tiền ghi có;Nội dung chi tiết;Tên tài khoản đối ứng;Số tài khoản đối ứng
04/01/2026;;2.683.000;DAI LY HUNG PHAT CHUYEN KHOAN;DAI LY HUNG PHAT;
04/01/2026;;3.021.000;CK;TAP HOA KIM LOAN;
04/01/2026;;4.827.000;CK TIEN HANG;TAP HOA PHUOC THANH;
05/01/2026;;4.048.000;CK TIEN HANG;TAP HOA KIM LOAN;
05/01/2026;;3.336.000;TRA TIEN HANG THANG 1;TRAN THI MUOI;
05/01/2026;;3.000.000;CON GUI ME;LE THI NGOC HAN;
06/01/2026;;4.782.000;CK TIEN HANG;NGUYEN VAN BA;
10/01/2026;;4.438.000;CK TIEN HANG;TAP HOA BA TU;
10/01/2026;72.859.000;;TT TIEN HANG NCC THANH BINH;CONG TY THANH BINH;
13/01/2026;;5.080.000;CK TIEN HANG;TAP HOA PHUOC THANH;
13/01/2026;;2.939.000;TRA TIEN HANG THANG 1;TAP HOA KIM LOAN;
13/01/2026;;3.601.000;TRA TIEN HANG THANG 1;TAP HOA PHUOC THANH;
19/01/2026;;3.652.000;LE VAN HAI CHUYEN KHOAN;LE VAN HAI;
19/01/2026;;2.627.000;CK TIEN HANG;TAP HOA BA TU;
19/01/2026;;4.279.000;CK;TAP HOA KIM LOAN;
20/01/2026;;4.593.000;CK;TAP HOA BA TU;
20/01/2026;11.540.000;;CHI TIEU GIA DINH;LE THI HANH;
22/01/2026;;3.146.000;TT DON HANG TAP HOA;LE VAN HAI;
23/01/2026;;3.674.000;TT DON HANG TAP HOA;TAP HOA KIM LOAN;
24/01/2026;;4.382.000;CK TIEN HANG;LE VAN HAI;
25/01/2026;;3.600.000;TAP HOA PHUOC THANH CHUYEN KHOAN;TAP HOA PHUOC THANH;
25/01/2026;;16.999.000;CHONG CHUYEN TIEN HANG THU DUOC;LE VAN TU;
26/01/2026;;4.382.000;CK;TRAN THI MUOI;
27/01/2026;;3.186.000;TAP HOA PHUOC THANH CHUYEN KHOAN;TAP HOA PHUOC THANH;
03/02/2026;;3.796.000;NGUYEN VAN BA CHUYEN KHOAN;NGUYEN VAN BA;
03/02/2026;;3.739.000;CK TIEN HANG;LE VAN HAI;
03/02/2026;;3.311.000;CK;TAP HOA PHUOC THANH;
05/02/2026;;4.137.000;NGUYEN VAN BA CHUYEN KHOAN;NGUYEN VAN BA;
05/02/2026;;4.416.000;TRAN THI MUOI CHUYEN KHOAN;TRAN THI MUOI;
05/02/2026;;3.000.000;CON GUI ME;LE THI NGOC HAN;
07/02/2026;;3.425.000;CK;LE VAN HAI;
08/02/2026;;3.890.000;TT DON HANG TAP HOA;TRAN THI MUOI;
08/02/2026;;3.232.000;TT DON HANG TAP HOA;NGUYEN VAN BA;
08/02/2026;;10.000.000;CON GUI ME AN TET;LE THI NGOC HAN;
09/02/2026;;3.385.000;TT DON HANG TAP HOA;TAP HOA BA TU;
10/02/2026;82.574.000;;TT TIEN HANG NCC THANH BINH;CONG TY THANH BINH;
11/02/2026;;4.092.000;LE VAN HAI CHUYEN KHOAN;LE VAN HAI;
11/02/2026;;3.362.000;DAI LY HUNG PHAT CHUYEN KHOAN;DAI LY HUNG PHAT;
11/02/2026;;4.223.000;TRA TIEN HANG THANG 2;TRAN THI MUOI;
12/02/2026;;4.529.000;CK TIEN HANG;NGUYEN VAN BA;
14/02/2026;;2.824.000;CK;NGUYEN VAN BA;
16/02/2026;;3.086.000;CK;TAP HOA PHUOC THANH;
16/02/2026;;2.975.000;TRA TIEN HANG THANG 2;DAI LY HUNG PHAT;
17/02/2026;;4.129.000;LE VAN HAI CHUYEN KHOAN;LE VAN HAI;
17/02/2026;;4.496.000;TAP HOA PHUOC THANH CHUYEN KHOAN;TAP HOA PHUOC THANH;
18/02/2026;;2.514.000;TRA TIEN HANG THANG 2;DAI LY HUNG PHAT;
20/02/2026;10.949.000;;CHI TIEU GIA DINH;LE THI HANH;
23/02/2026;;4.379.000;TRA TIEN HANG THANG 2;DAI LY HUNG PHAT;
23/02/2026;;4.282.000;CK TIEN HANG;TRAN THI MUOI;
24/02/2026;;5.198.000;TT DON HANG TAP HOA;TAP HOA KIM LOAN;
25/02/2026;;17.838.000;CHONG CHUYEN TIEN HANG THU DUOC;LE VAN TU;
26/02/2026;;4.294.000;CK TIEN HANG;DAI LY HUNG PHAT;
28/02/2026;;2.728.000;CK;TAP HOA BA TU;
28/02/2026;;4.655.000;CK;LE VAN HAI;
01/03/2026;;3.353.000;CK;TAP HOA PHUOC THANH;
02/03/2026;;4.368.000;TRAN THI MUOI CHUYEN KHOAN;TRAN THI MUOI;
03/03/2026;;4.036.000;TT DON HANG TAP HOA;LE VAN HAI;
04/03/2026;;4.498.000;DAI LY HUNG PHAT CHUYEN KHOAN;DAI LY HUNG PHAT;
04/03/2026;;3.979.000;CK;TRAN THI MUOI;
05/03/2026;;4.315.000;TRAN THI MUOI CHUYEN KHOAN;TRAN THI MUOI;
05/03/2026;;5.089.000;CK;TAP HOA PHUOC THANH;
05/03/2026;;3.000.000;CON GUI ME;LE THI NGOC HAN;
06/03/2026;;3.687.000;TRA TIEN HANG THANG 3;TAP HOA BA TU;
08/03/2026;;3.841.000;CK TIEN HANG;NGUYEN VAN BA;
09/03/2026;;3.231.000;CK;TAP HOA BA TU;
10/03/2026;;4.119.000;CK;DAI LY HUNG PHAT;
10/03/2026;;5.181.000;TT DON HANG TAP HOA;TRAN THI MUOI;
10/03/2026;;3.318.000;CK;LE VAN HAI;
10/03/2026;73.282.000;;TT TIEN HANG NCC THANH BINH;CONG TY THANH BINH;
11/03/2026;;5.436.000;TT DON HANG TAP HOA;TAP HOA BA TU;
12/03/2026;;3.379.000;CK TIEN HANG;NGUYEN VAN BA;
12/03/2026;;200.000.000;GIAI NGAN HDTD 0126/2026 VAY BO SUNG VON;NGAN HANG A CN CAN THO;
13/03/2026;;3.283.000;CK TIEN HANG;TAP HOA PHUOC THANH;
16/03/2026;;2.994.000;TT DON HANG TAP HOA;TRAN THI MUOI;
16/03/2026;;2.733.000;TRAN THI MUOI CHUYEN KHOAN;TRAN THI MUOI;
18/03/2026;;3.723.000;TAP HOA BA TU CHUYEN KHOAN;TAP HOA BA TU;
20/03/2026;;4.775.000;TAP HOA PHUOC THANH CHUYEN KHOAN;TAP HOA PHUOC THANH;
20/03/2026;;3.340.000;TAP HOA PHUOC THANH CHUYEN KHOAN;TAP HOA PHUOC THANH;
20/03/2026;;5.349.000;TRA TIEN HANG THANG 3;LE VAN HAI;
20/03/2026;9.584.000;;CHI TIEU GIA DINH;LE THI HANH;
21/03/2026;;3.512.000;CK;DAI LY HUNG PHAT;
24/03/2026;;4.389.000;TT DON HANG TAP HOA;TAP HOA KIM LOAN;
25/03/2026;;12.884.000;CHONG CHUYEN TIEN HANG THU DUOC;LE VAN TU;
26/03/2026;;3.796.000;TRA TIEN HANG THANG 3;NGUYEN VAN BA;
28/03/2026;;4.321.000;CK TIEN HANG;DAI LY HUNG PHAT;
01/04/2026;;2.740.000;TT DON HANG TAP HOA;TAP HOA KIM LOAN;
02/04/2026;;5.050.000;TT DON HANG TAP HOA;TAP HOA KIM LOAN;
03/04/2026;;3.439.000;DAI LY HUNG PHAT CHUYEN KHOAN;DAI LY HUNG PHAT;
03/04/2026;;2.900.000;TT DON HANG TAP HOA;TRAN THI MUOI;
04/04/2026;;3.310.000;TT DON HANG TAP HOA;TAP HOA BA TU;
04/04/2026;;4.953.000;TT DON HANG TAP HOA;LE VAN HAI;
05/04/2026;;4.313.000;CK TIEN HANG;TAP HOA BA TU;
05/04/2026;;3.000.000;CON GUI ME;LE THI NGOC HAN;
06/04/2026;;3.820.000;TAP HOA PHUOC THANH CHUYEN KHOAN;TAP HOA PHUOC THANH;
07/04/2026;;3.189.000;CK TIEN HANG;LE VAN HAI;
08/04/2026;;4.078.000;TRA TIEN HANG THANG 4;TAP HOA BA TU;
10/04/2026;71.687.000;;TT TIEN HANG NCC THANH BINH;CONG TY THANH BINH;
11/04/2026;;3.466.000;CK TIEN HANG;TAP HOA BA TU;
11/04/2026;;4.472.000;CK;TAP HOA PHUOC THANH;
13/04/2026;;4.446.000;TRA TIEN HANG THANG 4;TAP HOA BA TU;
13/04/2026;;3.751.000;TRA TIEN HANG THANG 4;TAP HOA KIM LOAN;
13/04/2026;;4.866.000;CK TIEN HANG;NGUYEN VAN BA;
14/04/2026;;4.162.000;TT DON HANG TAP HOA;TAP HOA PHUOC THANH;
14/04/2026;;4.602.000;TT DON HANG TAP HOA;TRAN THI MUOI;
16/04/2026;;3.562.000;TAP HOA PHUOC THANH CHUYEN KHOAN;TAP HOA PHUOC THANH;
16/04/2026;;4.860.000;CK;DAI LY HUNG PHAT;
19/04/2026;;3.924.000;CK;TRAN THI MUOI;
20/04/2026;;4.107.000;CK TIEN HANG;DAI LY HUNG PHAT;
20/04/2026;9.779.000;;CHI TIEU GIA DINH;LE THI HANH;
21/04/2026;;4.644.000;TT DON HANG TAP HOA;NGUYEN VAN BA;
22/04/2026;;5.363.000;CK TIEN HANG;TAP HOA KIM LOAN;
22/04/2026;;3.844.000;TAP HOA BA TU CHUYEN KHOAN;TAP HOA BA TU;
24/04/2026;;2.612.000;TAP HOA KIM LOAN CHUYEN KHOAN;TAP HOA KIM LOAN;
25/04/2026;;16.338.000;CHONG CHUYEN TIEN HANG THU DUOC;LE VAN TU;
28/04/2026;;5.120.000;CK;TAP HOA KIM LOAN;
01/05/2026;;4.667.000;CK TIEN HANG;TRAN THI MUOI;
03/05/2026;;3.607.000;CK;DAI LY HUNG PHAT;
05/05/2026;;4.069.000;TRA TIEN HANG THANG 5;LE VAN HAI;
05/05/2026;;4.554.000;CK TIEN HANG;TAP HOA PHUOC THANH;
05/05/2026;;3.000.000;CON GUI ME;LE THI NGOC HAN;
06/05/2026;;4.320.000;NGUYEN VAN BA CHUYEN KHOAN;NGUYEN VAN BA;
07/05/2026;;2.993.000;LE VAN HAI CHUYEN KHOAN;LE VAN HAI;
07/05/2026;;3.356.000;CK TIEN HANG;TAP HOA BA TU;
07/05/2026;;2.691.000;CK TIEN HANG;TAP HOA BA TU;
09/05/2026;;5.019.000;DAI LY HUNG PHAT CHUYEN KHOAN;DAI LY HUNG PHAT;
09/05/2026;;3.828.000;TT DON HANG TAP HOA;TAP HOA KIM LOAN;
10/05/2026;;4.065.000;CK;TAP HOA PHUOC THANH;
10/05/2026;;5.481.000;CK TIEN HANG;DAI LY HUNG PHAT;
10/05/2026;;5.232.000;CK TIEN HANG;TAP HOA BA TU;
10/05/2026;73.034.000;;TT TIEN HANG NCC THANH BINH;CONG TY THANH BINH;
14/05/2026;;4.761.000;TRA TIEN HANG THANG 5;LE VAN HAI;
15/05/2026;;4.527.000;CK TIEN HANG;NGUYEN VAN BA;
16/05/2026;;5.006.000;CK TIEN HANG;DAI LY HUNG PHAT;
17/05/2026;;3.198.000;TT DON HANG TAP HOA;DAI LY HUNG PHAT;
17/05/2026;;3.500.000;NCC HOAN TIEN HANG LOI;CONG TY THANH BINH;
19/05/2026;;3.386.000;TT DON HANG TAP HOA;TAP HOA KIM LOAN;
19/05/2026;;3.424.000;CK;TRAN THI MUOI;
20/05/2026;11.860.000;;CHI TIEU GIA DINH;LE THI HANH;
21/05/2026;;2.687.000;TAP HOA KIM LOAN CHUYEN KHOAN;TAP HOA KIM LOAN;
22/05/2026;;3.289.000;TRA TIEN HANG THANG 5;TAP HOA KIM LOAN;
24/05/2026;;2.663.000;CK;TAP HOA KIM LOAN;
25/05/2026;;15.640.000;CHONG CHUYEN TIEN HANG THU DUOC;LE VAN TU;
27/05/2026;;2.572.000;TT DON HANG TAP HOA;DAI LY HUNG PHAT;
03/06/2026;;3.574.000;CK TIEN HANG;DAI LY HUNG PHAT;
04/06/2026;;4.637.000;CK TIEN HANG;TAP HOA PHUOC THANH;
05/06/2026;;4.929.000;TAP HOA PHUOC THANH CHUYEN KHOAN;TAP HOA PHUOC THANH;
05/06/2026;;3.000.000;CON GUI ME;LE THI NGOC HAN;
06/06/2026;;4.468.000;CK TIEN HANG;TAP HOA BA TU;
08/06/2026;;4.611.000;TRA TIEN HANG THANG 6;TRAN THI MUOI;
10/06/2026;;3.284.000;CK TIEN HANG;TRAN THI MUOI;
10/06/2026;;5.328.000;TRA TIEN HANG THANG 6;TAP HOA PHUOC THANH;
10/06/2026;;3.470.000;TRA TIEN HANG THANG 6;TRAN THI MUOI;
10/06/2026;74.087.000;;TT TIEN HANG NCC THANH BINH;CONG TY THANH BINH;
11/06/2026;;4.047.000;CK TIEN HANG;TRAN THI MUOI;
12/06/2026;;3.344.000;TRA TIEN HANG THANG 6;TAP HOA KIM LOAN;
14/06/2026;;2.548.000;LE VAN HAI CHUYEN KHOAN;LE VAN HAI;
15/06/2026;;3.285.000;TRA TIEN HANG THANG 6;TRAN THI MUOI;
16/06/2026;;4.347.000;CK;TRAN THI MUOI;
20/06/2026;;2.858.000;TRA TIEN HANG THANG 6;TAP HOA KIM LOAN;
20/06/2026;8.838.000;;CHI TIEU GIA DINH;LE THI HANH;
22/06/2026;;2.843.000;TT DON HANG TAP HOA;TAP HOA KIM LOAN;
22/06/2026;;3.018.000;CK;TAP HOA PHUOC THANH;
23/06/2026;;3.747.000;CK;DAI LY HUNG PHAT;
24/06/2026;;3.268.000;CK;TAP HOA BA TU;
24/06/2026;;4.993.000;TT DON HANG TAP HOA;TAP HOA PHUOC THANH;
25/06/2026;;3.174.000;CK TIEN HANG;NGUYEN VAN BA;
25/06/2026;;14.855.000;CHONG CHUYEN TIEN HANG THU DUOC;LE VAN TU;
26/06/2026;;5.218.000;TT DON HANG TAP HOA;NGUYEN VAN BA;
01/07/2026;;2.540.000;CK;TRAN THI MUOI;
01/07/2026;;3.250.000;LE VAN HAI CHUYEN KHOAN;LE VAN HAI;
04/07/2026;;3.624.000;CK;NGUYEN VAN BA;
05/07/2026;;3.000.000;CON GUI ME;LE THI NGOC HAN;
07/07/2026;;3.367.000;CK;TAP HOA KIM LOAN;
10/07/2026;;3.540.000;TT DON HANG TAP HOA;TAP HOA BA TU;
10/07/2026;;3.154.000;TT DON HANG TAP HOA;DAI LY HUNG PHAT;
10/07/2026;;3.027.000;TAP HOA PHUOC THANH CHUYEN KHOAN;TAP HOA PHUOC THANH;
10/07/2026;71.445.000;;TT TIEN HANG NCC THANH BINH;CONG TY THANH BINH;
11/07/2026;;3.751.000;TRA TIEN HANG THANG 7;DAI LY HUNG PHAT;
12/07/2026;;3.386.000;TT DON HANG TAP HOA;TRAN THI MUOI;
12/07/2026;;2.886.000;CK;NGUYEN VAN BA;
13/07/2026;;4.164.000;TT DON HANG TAP HOA;TRAN THI MUOI;
13/07/2026;;3.514.000;CK;TAP HOA PHUOC THANH;
14/07/2026;;2.833.000;DAI LY HUNG PHAT CHUYEN KHOAN;DAI LY HUNG PHAT;
16/07/2026;;4.160.000;CK;TRAN THI MUOI;
16/07/2026;;4.696.000;TRA TIEN HANG THANG 7;LE VAN HAI;
18/07/2026;;3.141.000;TT DON HANG TAP HOA;TAP HOA PHUOC THANH;
20/07/2026;;2.637.000;TRA TIEN HANG THANG 7;TAP HOA PHUOC THANH;
20/07/2026;9.717.000;;CHI TIEU GIA DINH;LE THI HANH;
22/07/2026;;4.036.000;TRA TIEN HANG THANG 7;TAP HOA PHUOC THANH;
24/07/2026;;4.813.000;TT DON HANG TAP HOA;TAP HOA PHUOC THANH;
25/07/2026;;4.779.000;TRA TIEN HANG THANG 7;TRAN THI MUOI;
25/07/2026;;2.714.000;TRA TIEN HANG THANG 7;TAP HOA BA TU;
25/07/2026;;16.994.000;CHONG CHUYEN TIEN HANG THU DUOC;LE VAN TU;
27/07/2026;;4.710.000;TRAN THI MUOI CHUYEN KHOAN;TRAN THI MUOI;
03/08/2026;;4.852.000;CK;TAP HOA BA TU;
03/08/2026;;5.480.000;TRAN THI MUOI CHUYEN KHOAN;TRAN THI MUOI;
03/08/2026;;4.534.000;TRA TIEN HANG THANG 8;TAP HOA KIM LOAN;
04/08/2026;;4.702.000;TRA TIEN HANG THANG 8;DAI LY HUNG PHAT;
05/08/2026;;3.000.000;CON GUI ME;LE THI NGOC HAN;
06/08/2026;;3.854.000;CK;DAI LY HUNG PHAT;
08/08/2026;;3.637.000;CK;TAP HOA PHUOC THANH;
08/08/2026;;4.837.000;CK TIEN HANG;TAP HOA KIM LOAN;
08/08/2026;;4.458.000;CK;LE VAN HAI;
10/08/2026;72.878.000;;TT TIEN HANG NCC THANH BINH;CONG TY THANH BINH;
13/08/2026;;4.213.000;DAI LY HUNG PHAT CHUYEN KHOAN;DAI LY HUNG PHAT;
14/08/2026;;4.353.000;CK TIEN HANG;TAP HOA KIM LOAN;
14/08/2026;;5.500.000;TT DON HANG TAP HOA;TAP HOA BA TU;
17/08/2026;;3.075.000;TT DON HANG TAP HOA;DAI LY HUNG PHAT;
18/08/2026;;5.187.000;CK;TAP HOA KIM LOAN;
20/08/2026;9.072.000;;CHI TIEU GIA DINH;LE THI HANH;
21/08/2026;;5.455.000;TRA TIEN HANG THANG 8;TAP HOA PHUOC THANH;
22/08/2026;;4.332.000;CK;LE VAN HAI;
22/08/2026;;3.581.000;TRA TIEN HANG THANG 8;NGUYEN VAN BA;
23/08/2026;;3.110.000;CK TIEN HANG;DAI LY HUNG PHAT;
23/08/2026;;4.688.000;CK TIEN HANG;TAP HOA PHUOC THANH;
25/08/2026;;15.252.000;CHONG CHUYEN TIEN HANG THU DUOC;LE VAN TU;
27/08/2026;;4.469.000;CK TIEN HANG;TRAN THI MUOI;
28/08/2026;;3.264.000;TT DON HANG TAP HOA;TAP HOA KIM LOAN;
02/09/2026;;4.740.000;TT DON HANG TAP HOA;LE VAN HAI;
04/09/2026;;3.698.000;TRA TIEN HANG THANG 9;TAP HOA BA TU;
05/09/2026;;3.000.000;CON GUI ME;LE THI NGOC HAN;
06/09/2026;;3.707.000;CK;TAP HOA PHUOC THANH;
08/09/2026;;5.164.000;CK TIEN HANG;TAP HOA BA TU;
09/09/2026;;4.271.000;DAI LY HUNG PHAT CHUYEN KHOAN;DAI LY HUNG PHAT;
09/09/2026;;4.230.000;TT DON HANG TAP HOA;TRAN THI MUOI;
10/09/2026;;4.756.000;TRA TIEN HANG THANG 9;TRAN THI MUOI;
10/09/2026;71.882.000;;TT TIEN HANG NCC THANH BINH;CONG TY THANH BINH;
11/09/2026;;3.034.000;CK TIEN HANG;LE VAN HAI;
11/09/2026;;2.698.000;TT DON HANG TAP HOA;TAP HOA BA TU;
12/09/2026;;4.377.000;CK TIEN HANG;NGUYEN VAN BA;
12/09/2026;;3.269.000;CK;TRAN THI MUOI;
14/09/2026;;4.872.000;CK TIEN HANG;DAI LY HUNG PHAT;
16/09/2026;;5.434.000;CK;TAP HOA BA TU;
17/09/2026;;3.018.000;TRA TIEN HANG THANG 9;NGUYEN VAN BA;
17/09/2026;;4.917.000;CK;TAP HOA KIM LOAN;
18/09/2026;;5.170.000;TRA TIEN HANG THANG 9;TAP HOA KIM LOAN;
19/09/2026;;2.765.000;TT DON HANG TAP HOA;DAI LY HUNG PHAT;
20/09/2026;10.943.000;;CHI TIEU GIA DINH;LE THI HANH;
21/09/2026;;2.819.000;TRA TIEN HANG THANG 9;TAP HOA PHUOC THANH;
22/09/2026;;4.038.000;TAP HOA PHUOC THANH CHUYEN KHOAN;TAP HOA PHUOC THANH;
22/09/2026;;4.867.000;CK;LE VAN HAI;
24/09/2026;;4.536.000;CK;TRAN THI MUOI;
24/09/2026;;2.829.000;CK;LE VAN HAI;
24/09/2026;;3.698.000;TRA TIEN HANG THANG 9;LE VAN HAI;
25/09/2026;;17.658.000;CHONG CHUYEN TIEN HANG THU DUOC;LE VAN TU;
26/09/2026;;2.970.000;TT DON HANG TAP HOA;LE VAN HAI;
27/09/2026;;3.341.000;TT DON HANG TAP HOA;TAP HOA KIM LOAN;