ngay,no,co,noi_dung,nhan_that,ghi_chu
2026-01-01,,5292000,"TT THE POS QUAN 3 NGAY 01/01",business_revenue,
2026-01-03,,5583000,"TT THE POS QUAN 3 NGAY 03/01",business_revenue,
2026-01-05,,4880000,"TT THE POS QUAN 3 NGAY 05/01",business_revenue,
2026-01-05,27882000,,"LUONG NHAN VIEN QUAN 3",chi,
2026-01-07,,3376000,"TT THE POS QUAN 3 NGAY 07/01",business_revenue,
2026-01-09,,4900000,"TT THE POS QUAN 3 NGAY 09/01",business_revenue,
2026-01-11,,3284000,"TT THE POS QUAN 3 NGAY 11/01",business_revenue,
2026-01-13,,3435000,"TT THE POS QUAN 3 NGAY 13/01",business_revenue,
2026-01-15,,6380000,"TT THE POS QUAN 3 NGAY 15/01",business_revenue,
2026-01-17,,5340000,"TT THE POS QUAN 3 NGAY 17/01",business_revenue,
2026-01-19,,3956000,"TT THE POS QUAN 3 NGAY 19/01",business_revenue,
2026-01-21,,4750000,"TT THE POS QUAN 3 NGAY 21/01",business_revenue,
2026-01-23,,3294000,"TT THE POS QUAN 3 NGAY 23/01",business_revenue,
2026-01-25,,5516000,"TT THE POS QUAN 3 NGAY 25/01",business_revenue,
2026-01-26,,7533000,"NOP TIEN MAT DOANH THU QUAN 3",business_revenue,"tiền mặt bán hàng nộp vào"
2026-01-27,,3664000,"TT THE POS QUAN 3 NGAY 27/01",business_revenue,
2026-01-27,51000000,,"CHUYEN VE TK CHINH QUAN 3",chi,
2026-02-01,,4954000,"TT THE POS QUAN 3 NGAY 01/02",business_revenue,
2026-02-03,,4867000,"TT THE POS QUAN 3 NGAY 03/02",business_revenue,
2026-02-05,,4691000,"TT THE POS QUAN 3 NGAY 05/02",business_revenue,
2026-02-05,30096000,,"LUONG NHAN VIEN QUAN 3",chi,
2026-02-07,,4524000,"TT THE POS QUAN 3 NGAY 07/02",business_revenue,
2026-02-09,,3160000,"TT THE POS QUAN 3 NGAY 09/02",business_revenue,
2026-02-11,,6187000,"TT THE POS QUAN 3 NGAY 11/02",business_revenue,
2026-02-13,,5595000,"TT THE POS QUAN 3 NGAY 13/02",business_revenue,
2026-02-15,,5659000,"TT THE POS QUAN 3 NGAY 15/02",business_revenue,
2026-02-17,,5634000,"TT THE POS QUAN 3 NGAY 17/02",business_revenue,
2026-02-19,,4989000,"TT THE POS QUAN 3 NGAY 19/02",business_revenue,
2026-02-21,,6336000,"TT THE POS QUAN 3 NGAY 21/02",business_revenue,
2026-02-23,,3963000,"TT THE POS QUAN 3 NGAY 23/02",business_revenue,
2026-02-25,,3434000,"TT THE POS QUAN 3 NGAY 25/02",business_revenue,
2026-02-26,,7356000,"NOP TIEN MAT DOANH THU QUAN 3",business_revenue,"tiền mặt bán hàng nộp vào"
2026-02-27,,3169000,"TT THE POS QUAN 3 NGAY 27/02",business_revenue,
2026-02-27,49000000,,"CHUYEN VE TK CHINH QUAN 3",chi,
2026-03-01,,4378000,"TT THE POS QUAN 3 NGAY 01/03",business_revenue,
2026-03-03,,5985000,"TT THE POS QUAN 3 NGAY 03/03",business_revenue,
2026-03-05,,6290000,"TT THE POS QUAN 3 NGAY 05/03",business_revenue,
2026-03-05,32057000,,"LUONG NHAN VIEN QUAN 3",chi,
2026-03-07,,5649000,"TT THE POS QUAN 3 NGAY 07/03",business_revenue,
2026-03-09,,5169000,"TT THE POS QUAN 3 NGAY 09/03",business_revenue,
2026-03-11,,6435000,"TT THE POS QUAN 3 NGAY 11/03",business_revenue,
2026-03-13,,5230000,"TT THE POS QUAN 3 NGAY 13/03",business_revenue,
2026-03-15,,4914000,"TT THE POS QUAN 3 NGAY 15/03",business_revenue,
2026-03-17,,4512000,"TT THE POS QUAN 3 NGAY 17/03",business_revenue,
2026-03-19,,3768000,"TT THE POS QUAN 3 NGAY 19/03",business_revenue,
2026-03-21,,3522000,"TT THE POS QUAN 3 NGAY 21/03",business_revenue,
2026-03-23,,4491000,"TT THE POS QUAN 3 NGAY 23/03",business_revenue,
2026-03-25,,4696000,"TT THE POS QUAN 3 NGAY 25/03",business_revenue,
2026-03-26,,6546000,"NOP TIEN MAT DOANH THU QUAN 3",business_revenue,"tiền mặt bán hàng nộp vào"
2026-03-27,,5199000,"TT THE POS QUAN 3 NGAY 27/03",business_revenue,
2026-03-27,45000000,,"CHUYEN VE TK CHINH QUAN 3",chi,
2026-04-01,,5317000,"TT THE POS QUAN 3 NGAY 01/04",business_revenue,
2026-04-03,,5155000,"TT THE POS QUAN 3 NGAY 03/04",business_revenue,
2026-04-05,,6293000,"TT THE POS QUAN 3 NGAY 05/04",business_revenue,
2026-04-05,27606000,,"LUONG NHAN VIEN QUAN 3",chi,
2026-04-07,,5248000,"TT THE POS QUAN 3 NGAY 07/04",business_revenue,
2026-04-09,,6126000,"TT THE POS QUAN 3 NGAY 09/04",business_revenue,
2026-04-11,,5325000,"TT THE POS QUAN 3 NGAY 11/04",business_revenue,
2026-04-13,,3890000,"TT THE POS QUAN 3 NGAY 13/04",business_revenue,
2026-04-15,,4767000,"TT THE POS QUAN 3 NGAY 15/04",business_revenue,
2026-04-17,,6257000,"TT THE POS QUAN 3 NGAY 17/04",business_revenue,
2026-04-19,,6314000,"TT THE POS QUAN 3 NGAY 19/04",business_revenue,
2026-04-21,,3459000,"TT THE POS QUAN 3 NGAY 21/04",business_revenue,
2026-04-23,,4904000,"TT THE POS QUAN 3 NGAY 23/04",business_revenue,
2026-04-25,,5392000,"TT THE POS QUAN 3 NGAY 25/04",business_revenue,
2026-04-26,,5469000,"NOP TIEN MAT DOANH THU QUAN 3",business_revenue,"tiền mặt bán hàng nộp vào"
2026-04-27,,4544000,"TT THE POS QUAN 3 NGAY 27/04",business_revenue,
2026-04-27,54000000,,"CHUYEN VE TK CHINH QUAN 3",chi,
2026-05-01,,3899000,"TT THE POS QUAN 3 NGAY 01/05",business_revenue,
2026-05-03,,4228000,"TT THE POS QUAN 3 NGAY 03/05",business_revenue,
2026-05-05,,3773000,"TT THE POS QUAN 3 NGAY 05/05",business_revenue,
2026-05-05,31155000,,"LUONG NHAN VIEN QUAN 3",chi,
2026-05-07,,4205000,"TT THE POS QUAN 3 NGAY 07/05",business_revenue,
2026-05-09,,3177000,"TT THE POS QUAN 3 NGAY 09/05",business_revenue,
2026-05-11,,4618000,"TT THE POS QUAN 3 NGAY 11/05",business_revenue,
2026-05-13,,3874000,"TT THE POS QUAN 3 NGAY 13/05",business_revenue,
2026-05-15,,3590000,"TT THE POS QUAN 3 NGAY 15/05",business_revenue,
2026-05-17,,5799000,"TT THE POS QUAN 3 NGAY 17/05",business_revenue,
2026-05-19,,3568000,"TT THE POS QUAN 3 NGAY 19/05",business_revenue,
2026-05-21,,6041000,"TT THE POS QUAN 3 NGAY 21/05",business_revenue,
2026-05-23,,5908000,"TT THE POS QUAN 3 NGAY 23/05",business_revenue,
2026-05-25,,4837000,"TT THE POS QUAN 3 NGAY 25/05",business_revenue,
2026-05-26,,6605000,"NOP TIEN MAT DOANH THU QUAN 3",business_revenue,"tiền mặt bán hàng nộp vào"
2026-05-27,,3289000,"TT THE POS QUAN 3 NGAY 27/05",business_revenue,
2026-05-27,57000000,,"CHUYEN VE TK CHINH QUAN 3",chi,
2026-06-01,,6107000,"TT THE POS QUAN 3 NGAY 01/06",business_revenue,
2026-06-03,,5052000,"TT THE POS QUAN 3 NGAY 03/06",business_revenue,
2026-06-05,,3435000,"TT THE POS QUAN 3 NGAY 05/06",business_revenue,
2026-06-05,29159000,,"LUONG NHAN VIEN QUAN 3",chi,
2026-06-07,,4702000,"TT THE POS QUAN 3 NGAY 07/06",business_revenue,
2026-06-09,,3674000,"TT THE POS QUAN 3 NGAY 09/06",business_revenue,
2026-06-11,,5369000,"TT THE POS QUAN 3 NGAY 11/06",business_revenue,
2026-06-13,,5911000,"TT THE POS QUAN 3 NGAY 13/06",business_revenue,
2026-06-15,,5390000,"TT THE POS QUAN 3 NGAY 15/06",business_revenue,
2026-06-17,,3513000,"TT THE POS QUAN 3 NGAY 17/06",business_revenue,
2026-06-19,,6380000,"TT THE POS QUAN 3 NGAY 19/06",business_revenue,
2026-06-21,,3026000,"TT THE POS QUAN 3 NGAY 21/06",business_revenue,
2026-06-23,,5760000,"TT THE POS QUAN 3 NGAY 23/06",business_revenue,
2026-06-25,,5789000,"TT THE POS QUAN 3 NGAY 25/06",business_revenue,
2026-06-26,,7610000,"NOP TIEN MAT DOANH THU QUAN 3",business_revenue,"tiền mặt bán hàng nộp vào"
2026-06-27,,4669000,"TT THE POS QUAN 3 NGAY 27/06",business_revenue,
2026-06-27,50000000,,"CHUYEN VE TK CHINH QUAN 3",chi,
2026-07-01,,5723000,"TT THE POS QUAN 3 NGAY 01/07",business_revenue,
2026-07-03,,4721000,"TT THE POS QUAN 3 NGAY 03/07",business_revenue,
2026-07-05,,4907000,"TT THE POS QUAN 3 NGAY 05/07",business_revenue,
2026-07-05,29920000,,"LUONG NHAN VIEN QUAN 3",chi,
2026-07-07,,4675000,"TT THE POS QUAN 3 NGAY 07/07",business_revenue,
2026-07-09,,5212000,"TT THE POS QUAN 3 NGAY 09/07",business_revenue,
2026-07-11,,6089000,"TT THE POS QUAN 3 NGAY 11/07",business_revenue,
2026-07-13,,5321000,"TT THE POS QUAN 3 NGAY 13/07",business_revenue,
2026-07-15,,3776000,"TT THE POS QUAN 3 NGAY 15/07",business_revenue,
2026-07-17,,5294000,"TT THE POS QUAN 3 NGAY 17/07",business_revenue,
2026-07-19,,4966000,"TT THE POS QUAN 3 NGAY 19/07",business_revenue,
2026-07-21,,4559000,"TT THE POS QUAN 3 NGAY 21/07",business_revenue,
2026-07-23,,3994000,"TT THE POS QUAN 3 NGAY 23/07",business_revenue,
2026-07-25,,6242000,"TT THE POS QUAN 3 NGAY 25/07",business_revenue,
2026-07-26,,7357000,"NOP TIEN MAT DOANH THU QUAN 3",business_revenue,"tiền mặt bán hàng nộp vào"
2026-07-27,,4540000,"TT THE POS QUAN 3 NGAY 27/07",business_revenue,
2026-07-27,50000000,,"CHUYEN VE TK CHINH QUAN 3",chi,
2026-08-01,,3728000,"TT THE POS QUAN 3 NGAY 01/08",business_revenue,
2026-08-03,,5894000,"TT THE POS QUAN 3 NGAY 03/08",business_revenue,
2026-08-05,,5715000,"TT THE POS QUAN 3 NGAY 05/08",business_revenue,
2026-08-05,32769000,,"LUONG NHAN VIEN QUAN 3",chi,
2026-08-07,,5063000,"TT THE POS QUAN 3 NGAY 07/08",business_revenue,
2026-08-09,,5403000,"TT THE POS QUAN 3 NGAY 09/08",business_revenue,
2026-08-11,,5793000,"TT THE POS QUAN 3 NGAY 11/08",business_revenue,
2026-08-13,,4031000,"TT THE POS QUAN 3 NGAY 13/08",business_revenue,
2026-08-15,,3128000,"TT THE POS QUAN 3 NGAY 15/08",business_revenue,
2026-08-17,,4072000,"TT THE POS QUAN 3 NGAY 17/08",business_revenue,
2026-08-19,,4193000,"TT THE POS QUAN 3 NGAY 19/08",business_revenue,
2026-08-21,,6089000,"TT THE POS QUAN 3 NGAY 21/08",business_revenue,
2026-08-23,,3528000,"TT THE POS QUAN 3 NGAY 23/08",business_revenue,
2026-08-25,,4676000,"TT THE POS QUAN 3 NGAY 25/08",business_revenue,
2026-08-26,,6704000,"NOP TIEN MAT DOANH THU QUAN 3",business_revenue,"tiền mặt bán hàng nộp vào"
2026-08-27,,3403000,"TT THE POS QUAN 3 NGAY 27/08",business_revenue,
2026-08-27,54000000,,"CHUYEN VE TK CHINH QUAN 3",chi,
2026-09-01,,4807000,"TT THE POS QUAN 3 NGAY 01/09",business_revenue,
2026-09-03,,5335000,"TT THE POS QUAN 3 NGAY 03/09",business_revenue,
2026-09-05,,6250000,"TT THE POS QUAN 3 NGAY 05/09",business_revenue,
2026-09-05,27597000,,"LUONG NHAN VIEN QUAN 3",chi,
2026-09-07,,4437000,"TT THE POS QUAN 3 NGAY 07/09",business_revenue,
2026-09-09,,4545000,"TT THE POS QUAN 3 NGAY 09/09",business_revenue,
2026-09-11,,5578000,"TT THE POS QUAN 3 NGAY 11/09",business_revenue,
2026-09-13,,3612000,"TT THE POS QUAN 3 NGAY 13/09",business_revenue,
2026-09-15,,5060000,"TT THE POS QUAN 3 NGAY 15/09",business_revenue,
2026-09-17,,3882000,"TT THE POS QUAN 3 NGAY 17/09",business_revenue,
2026-09-19,,5328000,"TT THE POS QUAN 3 NGAY 19/09",business_revenue,
2026-09-21,,3904000,"TT THE POS QUAN 3 NGAY 21/09",business_revenue,
2026-09-23,,6057000,"TT THE POS QUAN 3 NGAY 23/09",business_revenue,
2026-09-25,,5837000,"TT THE POS QUAN 3 NGAY 25/09",business_revenue,
2026-09-26,,5014000,"NOP TIEN MAT DOANH THU QUAN 3",business_revenue,"tiền mặt bán hàng nộp vào"
2026-09-27,,3191000,"TT THE POS QUAN 3 NGAY 27/09",business_revenue,
2026-09-27,46000000,,"CHUYEN VE TK CHINH QUAN 3",chi,